Person,1999,2000,2001,2002,2003,2004,2005,2006,2007
30200001,has job,has job,has job,has job,has job,has job,has job,has job,has job
31431001,has job,has job,has job,has job,has job,has job,has job,has job,has job
32031005,has job,has job,has job,has job,has job,has job,has job,has job,has job
40400003,has job,has job,,,,has job,,has job,has job
41000009,,,,,,,,,has job
42000001,has job,has job,has job,has job,has job,has job,has job,has job,has job
50600003,has job,has job,has job,has job,has job,has job,has job,has job,has job
50800002,has job,has job,has job,has job,has job,has job,has job,has job,has job
50900001,has job,has job,has job,has job,has job,has job,has job,has job,has job
51312002,has job,has job,has job,has job,has job,has job,has job,has job,has job
51800006,,,,,,,,,has job
60200004,,,,,has job,has job,has job,has job,has job
81100061,has job,has job,has job,has job,has job,has job,has job,has job,has job
82300031,has job,has job,has job,has job,has job,has job,has job,has job,has job
90531001,has job,has job,has job,has job,has job,has job,has job,has job,has job
90700001,has job,has job,has job,has job,has job,has job,has job,has job,has job
91700001,has job,has job,has job,has job,has job,has job,has job,has job,has job
104300051,has job,has job,has job,has job,has job,has job,has job,has job,has job
111200001,has job,has job,has job,has job,has job,has job,has job,has job,has job
111400004,has job,has job,has job,has job,has job,has job,has job,has job,has job
120600006,,,,,,,,has job,has job
121500006,has job,has job,has job,has job,has job,has job,has job,has job,
121700001,has job,has job,has job,has job,has job,has job,has job,has job,
130531001,has job,has job,has job,has job,has job,has job,has job,has job,
131100006,,,,,,,,has job,has job
140300007,,,,,,,,,has job
150831001,has job,has job,has job,has job,has job,has job,has job,has job,has job
151400002,,,has job,has job,has job,has job,has job,has job,has job
151600007,,,,,,,,has job,has job
151900001,has job,has job,has job,has job,has job,has job,has job,has job,has job
161600031,has job,has job,has job,has job,has job,has job,has job,has job,has job
170721001,,,,,has job,,,has job,has job
171700041,has job,has job,has job,has job,has job,has job,has job,has job,has job
181500004,,,,,,,,,has job
210600003,has job,has job,has job,has job,has job,has job,has job,has job,has job
211300031,has job,has job,has job,has job,has job,has job,has job,has job,has job
211300061,,,has job,,has job,has job,has job,has job,has job
211700061,has job,has job,has job,has job,has job,has job,has job,has job,has job
211700071,has job,has job,has job,has job,has job,has job,has job,has job,has job
221600005,has job,has job,has job,has job,has job,has job,has job,has job,has job
231000001,has job,has job,has job,has job,has job,has job,has job,has job,has job
240300006,has job,has job,,,,,,,
240300009,has job,has job,has job,has job,has job,has job,has job,has job,has job
240411004,has job,has job,has job,has job,has job,has job,has job,has job,has job
240500008,,has job,has job,has job,has job,has job,has job,has job,has job
240700003,,,has job,has job,has job,has job,has job,has job,has job
241400007,has job,has job,has job,has job,has job,has job,has job,has job,has job
241431004,,,,,,has job,has job,has job,has job
241600041,has job,has job,has job,has job,has job,has job,has job,has job,has job
241900002,has job,has job,has job,has job,has job,has job,has job,has job,has job
242000001,has job,has job,has job,has job,has job,has job,has job,has job,has job
242400003,has job,has job,has job,has job,has job,has job,has job,has job,has job
242531001,has job,has job,has job,has job,has job,has job,has job,has job,has job
242800004,,,,,,,has job,has job,has job
242800011,has job,has job,has job,has job,has job,has job,has job,has job,has job
242800031,,,,,has job,has job,has job,has job,has job
2501000011,has job,has job,has job,has job,has job,has job,has job,has job,has job
2501000014,,,,,,,,,has job
250200001,has job,has job,has job,has job,has job,has job,has job,has job,has job
250200007,has job,has job,has job,has job,has job,has job,has job,has job,has job
251200004,,,,,,,,,has job
251231001,has job,has job,has job,has job,has job,has job,has job,has job,has job
251600001,has job,has job,has job,has job,has job,has job,has job,has job,has job
251600005,,,,has job,has job,has job,has job,has job,has job
251700001,has job,has job,has job,has job,has job,has job,has job,has job,has job
251700003,,,,,,,has job,has job,has job
251800041,,,,,,,,has job,has job
251900002,has job,has job,has job,has job,has job,has job,has job,has job,has job
270832001,has job,has job,has job,has job,has job,has job,has job,has job,has job
271000008,,,,,,,,,has job
271300001,has job,has job,has job,has job,has job,has job,has job,has job,has job
280400001,has job,has job,has job,has job,has job,has job,has job,has job,has job
280500001,has job,has job,has job,has job,has job,has job,has job,has job,has job
281200041,,has job,has job,has job,has job,has job,has job,has job,has job
281600002,,,has job,has job,,,,,has job
282331001,has job,has job,has job,has job,has job,has job,has job,has job,has job
290700001,has job,has job,has job,has job,has job,has job,has job,,
290800001,has job,has job,has job,has job,has job,has job,has job,,
291700091,has job,has job,has job,has job,has job,has job,has job,has job,has job
292200001,has job,has job,has job,has job,has job,has job,has job,has job,has job
292900003,has job,has job,has job,has job,has job,has job,has job,has job,has job
300900041,,,,,,,,has job,has job
301600011,has job,has job,has job,has job,has job,has job,has job,has job,has job
302800004,has job,has job,has job,,has job,has job,has job,has job,has job
302800011,has job,has job,has job,has job,has job,has job,has job,has job,has job
310600001,has job,has job,has job,has job,has job,has job,has job,has job,has job
320500051,has job,has job,has job,has job,has job,has job,has job,has job,has job
321300007,has job,has job,has job,has job,has job,has job,has job,has job,has job
321631002,has job,has job,has job,has job,has job,has job,has job,has job,has job
323000011,has job,has job,has job,has job,has job,has job,has job,has job,has job
330300001,has job,has job,has job,has job,has job,has job,has job,has job,has job
330300003,,,,,,has job,has job,has job,has job
330300004,,,,has job,has job,has job,has job,has job,has job
330300006,has job,has job,has job,,,has job,has job,has job,has job
330700001,has job,has job,has job,has job,has job,has job,has job,has job,has job
330700003,,,,has job,has job,has job,has job,has job,has job
330700051,has job,has job,has job,has job,has job,has job,has job,has job,has job
330800002,,,,,,has job,has job,has job,has job
330800004,has job,,,,has job,has job,,,has job
330800005,has job,has job,has job,has job,has job,has job,has job,has job,has job
331100031,has job,has job,has job,has job,has job,has job,has job,has job,has job
331400001,has job,has job,has job,has job,has job,has job,has job,has job,has job
331500002,has job,has job,has job,has job,has job,has job,has job,has job,has job
331900004,,,has job,has job,has job,has job,has job,has job,has job
332100007,,has job,has job,has job,has job,has job,has job,has job,has job
332300003,has job,has job,has job,has job,has job,has job,has job,has job,has job
332400004,has job,,,has job,has job,has job,,,has job
332400005,,,,,,,has job,has job,
332500031,has job,has job,has job,has job,has job,has job,has job,has job,has job
332700001,has job,,,,,,,has job,has job
332800031,has job,has job,has job,has job,has job,has job,has job,has job,has job
340100001,has job,has job,has job,has job,has job,,,has job,has job
341100001,has job,has job,has job,has job,has job,has job,has job,,
341200003,has job,has job,has job,has job,has job,has job,has job,has job,has job
341300081,has job,has job,has job,has job,has job,has job,has job,has job,has job
341600001,,,has job,has job,has job,has job,,,has job
341631001,has job,,,,,,,,
341800006,,,,,,,,,has job
341900005,,,,,has job,has job,has job,has job,has job
3504000010,has job,has job,has job,has job,has job,has job,has job,has job,
350900001,has job,has job,has job,has job,has job,has job,has job,has job,has job
350900005,,,,,,has job,has job,has job,has job
351300007,,has job,has job,has job,has job,has job,has job,has job,
351900001,has job,has job,has job,has job,has job,has job,has job,has job,
3541000011,has job,has job,has job,has job,has job,has job,has job,has job,
354300091,,,,has job,has job,has job,has job,has job,has job
360100004,has job,has job,has job,has job,has job,has job,has job,has job,has job
360231001,has job,has job,has job,has job,has job,has job,has job,has job,has job
360600001,has job,has job,,,,,,,
361200001,has job,has job,has job,has job,has job,has job,has job,has job,has job
371200006,,,has job,has job,has job,has job,has job,has job,has job
371200051,has job,has job,has job,has job,has job,has job,has job,has job,has job
371231008,has job,has job,has job,has job,,,,,
371800001,has job,has job,has job,has job,has job,has job,has job,has job,has job
380100008,has job,has job,has job,has job,has job,has job,has job,has job,
380300031,,,,,,,has job,has job,has job
381211001,has job,has job,has job,has job,has job,has job,has job,has job,has job
390100001,has job,has job,has job,has job,has job,has job,has job,has job,has job
390100006,,,,,,,,has job,has job
390100031,has job,has job,has job,has job,has job,has job,has job,has job,has job
391132003,has job,has job,has job,has job,has job,has job,has job,has job,has job
391600051,,,,has job,has job,has job,has job,has job,has job
401800004,has job,has job,has job,has job,has job,has job,has job,has job,has job
420500007,has job,has job,has job,has job,has job,has job,has job,has job,has job
421500091,,has job,has job,has job,has job,has job,has job,has job,has job
422000001,has job,has job,has job,has job,has job,has job,has job,has job,has job
422600001,has job,has job,has job,has job,has job,has job,has job,has job,has job
422900005,,,,,has job,has job,has job,has job,has job
440600001,has job,has job,has job,has job,has job,has job,has job,has job,has job
441300005,has job,has job,has job,has job,has job,has job,has job,has job,has job
441600003,,,,,,,,has job,has job
451533002,has job,has job,has job,has job,has job,has job,has job,has job,has job
451832001,has job,has job,has job,has job,has job,has job,has job,has job,has job
452200006,,,,,,,,,has job
452800009,has job,has job,has job,has job,has job,has job,has job,has job,has job
460200051,,,,,,,,has job,has job
460300001,has job,has job,has job,has job,has job,has job,has job,has job,has job
460500051,has job,has job,has job,has job,has job,has job,has job,has job,has job
460631001,has job,has job,has job,has job,has job,has job,has job,has job,has job
461300001,has job,has job,has job,has job,has job,has job,has job,has job,has job
461600004,has job,has job,has job,,has job,has job,has job,has job,has job
461731001,has job,has job,has job,has job,has job,has job,has job,has job,has job
470400005,,,,,has job,,has job,has job,has job
471921005,,has job,has job,has job,has job,has job,has job,has job,has job
472531003,,has job,has job,has job,has job,has job,has job,has job,
472700004,,,,,,,,,has job
472700032,has job,has job,has job,has job,has job,has job,has job,has job,has job
481200001,,has job,has job,has job,has job,has job,has job,,
491700041,,,,has job,has job,has job,has job,has job,has job
500200001,has job,has job,has job,has job,has job,has job,has job,has job,
500200051,has job,has job,has job,has job,has job,has job,has job,has job,has job
500600005,has job,,,,,has job,,,
511000001,has job,has job,has job,has job,has job,has job,has job,has job,has job
511400006,,,,,,,,,has job
511400007,,,,,,,,has job,has job
520800004,,,,,,,,has job,
520931003,has job,has job,has job,has job,has job,has job,has job,has job,has job
521600003,,,has job,has job,has job,has job,has job,has job,has job
531100016,,,,,has job,has job,has job,has job,
542000001,has job,has job,has job,has job,has job,has job,has job,has job,has job
550700003,has job,has job,has job,has job,has job,has job,has job,has job,has job
551300051,has job,has job,has job,has job,has job,has job,has job,has job,has job
551400007,,,,,,,has job,,has job
551500051,,has job,has job,has job,has job,has job,has job,has job,has job
551900081,,,,has job,has job,has job,has job,has job,has job
560700005,,has job,has job,has job,has job,has job,has job,has job,has job
560911001,has job,has job,has job,has job,has job,has job,has job,has job,has job
571600001,has job,has job,has job,has job,has job,has job,has job,has job,has job
572900001,has job,has job,has job,has job,has job,has job,has job,has job,has job
580400001,has job,has job,has job,has job,has job,has job,has job,has job,has job
581031001,has job,has job,has job,has job,has job,has job,has job,has job,has job
591300041,has job,has job,has job,has job,has job,has job,has job,has job,has job
600400061,,has job,has job,has job,has job,has job,has job,has job,has job
601900062,,,,,,,,,has job
621233001,has job,has job,has job,has job,has job,has job,has job,has job,has job
630133001,has job,has job,has job,has job,has job,has job,has job,has job,has job
630400003,has job,has job,has job,has job,has job,has job,has job,has job,has job
631500004,,,,,,has job,has job,has job,has job
631600006,,,,,has job,has job,has job,has job,has job
631600007,,,,,,,,has job,has job
631631001,has job,has job,has job,has job,has job,has job,has job,has job,has job
631631003,,,,,has job,has job,has job,has job,has job
632400052,,,has job,has job,has job,,,,
632431001,has job,has job,has job,has job,has job,has job,has job,has job,has job
640100041,has job,has job,has job,has job,has job,has job,has job,has job,has job
640300061,has job,has job,has job,has job,has job,has job,has job,has job,has job
640500031,has job,has job,has job,has job,has job,has job,has job,has job,has job
640700001,has job,has job,has job,has job,has job,has job,has job,has job,has job
640731005,has job,has job,has job,has job,has job,has job,has job,has job,has job
640732001,has job,has job,has job,has job,has job,has job,has job,has job,has job
6410000011,has job,has job,has job,has job,has job,has job,has job,has job,has job
641100031,,has job,has job,has job,has job,has job,has job,has job,has job
641431001,has job,has job,has job,has job,has job,has job,has job,has job,has job
641900031,has job,has job,has job,has job,has job,has job,has job,has job,has job
642531002,has job,has job,has job,has job,has job,has job,has job,has job,has job
650700001,has job,has job,has job,has job,has job,has job,has job,has job,
660431007,has job,has job,has job,has job,has job,has job,has job,has job,has job
661200041,,,,has job,has job,has job,has job,has job,has job
670400004,has job,has job,has job,has job,has job,has job,has job,has job,has job
670500082,has job,has job,has job,has job,has job,has job,,,has job
680500061,has job,has job,has job,has job,has job,has job,has job,has job,has job
700100001,has job,has job,has job,has job,has job,has job,has job,has job,has job
701121004,,,,has job,has job,has job,has job,has job,has job
701800001,has job,has job,has job,has job,has job,has job,has job,has job,has job
704200001,has job,has job,has job,has job,has job,has job,has job,has job,has job
710500011,has job,has job,has job,has job,has job,has job,has job,has job,has job
714232001,,,,has job,has job,has job,has job,has job,has job
721131001,has job,has job,has job,has job,has job,has job,has job,has job,has job
730600004,has job,has job,has job,has job,has job,has job,has job,has job,has job
731300001,has job,has job,has job,has job,has job,has job,has job,has job,has job
731600003,has job,has job,has job,has job,has job,has job,has job,has job,has job
731931001,has job,has job,has job,has job,has job,has job,has job,has job,has job
740100041,has job,has job,has job,has job,has job,has job,has job,has job,has job
741100061,,,,,,,,,has job
741200001,has job,has job,has job,has job,has job,has job,has job,has job,
741421005,,has job,has job,has job,has job,has job,has job,has job,
741600051,,,,,,,,,has job
751200005,,,,,,,,has job,
761200005,has job,has job,has job,has job,has job,has job,has job,has job,
770500001,,has job,,has job,has job,,has job,,has job
771100001,has job,has job,has job,has job,has job,has job,has job,has job,has job
774200004,has job,has job,has job,has job,has job,has job,has job,has job,has job
774600001,has job,has job,has job,has job,has job,has job,has job,has job,has job
781331001,has job,has job,has job,has job,has job,has job,has job,has job,has job
820600093,,,,,has job,has job,has job,has job,has job
820800062,has job,has job,has job,has job,has job,has job,has job,has job,has job
821200001,has job,has job,has job,has job,has job,has job,has job,has job,has job
821500041,has job,has job,has job,has job,has job,has job,has job,has job,has job
831000001,has job,has job,has job,has job,has job,has job,has job,has job,has job
831200042,has job,has job,has job,has job,has job,has job,has job,has job,has job
831400001,has job,has job,has job,has job,has job,has job,has job,has job,has job
840100032,has job,has job,has job,has job,has job,has job,has job,has job,has job
840100031,has job,has job,has job,has job,has job,has job,has job,has job,has job
8406000010,has job,has job,has job,has job,has job,has job,has job,has job,has job
840611001,has job,has job,has job,has job,has job,has job,has job,has job,has job
851131001,has job,has job,has job,has job,has job,has job,has job,has job,has job
870200001,has job,has job,has job,has job,has job,,,has job,has job
881021001,has job,has job,has job,has job,has job,has job,has job,has job,has job
881131001,has job,has job,has job,has job,has job,has job,has job,has job,
910500001,has job,has job,has job,has job,has job,has job,has job,has job,has job
911500001,has job,has job,has job,has job,has job,has job,has job,has job,has job
911500003,,,,,,,,,has job
920600001,has job,has job,has job,has job,has job,has job,has job,has job,has job
920600004,,,,,,has job,has job,has job,has job
920800008,has job,has job,has job,has job,has job,has job,has job,has job,has job
930131002,has job,has job,has job,has job,has job,has job,has job,has job,has job
940400001,has job,has job,has job,has job,has job,has job,has job,has job,has job
941000001,has job,has job,has job,has job,has job,has job,has job,has job,has job
941100001,,has job,has job,has job,has job,has job,has job,has job,has job
941200003,has job,has job,,,has job,has job,has job,has job,has job
951300041,,has job,has job,has job,has job,has job,has job,has job,has job
951400041,has job,has job,has job,has job,has job,has job,has job,has job,has job
951900011,has job,has job,,,,,,,
960100061,has job,has job,,,,,,,
961700001,has job,has job,has job,has job,,,,,
970400031,has job,has job,has job,has job,has job,has job,has job,has job,has job
972000001,has job,has job,has job,has job,has job,has job,has job,has job,has job
990812001,has job,has job,has job,has job,has job,has job,has job,has job,has job
9911000010,,has job,has job,has job,has job,has job,has job,has job,has job
1000931004,,,,,,,,,has job
1010900003,,,has job,has job,has job,has job,has job,has job,has job
1010900004,,,,,,,has job,has job,has job
10113000014,has job,has job,has job,has job,has job,has job,,has job,has job
1011900001,has job,,has job,has job,has job,has job,has job,has job,has job
1020800031,has job,has job,has job,has job,has job,has job,has job,has job,has job
1021100071,,,,,,has job,has job,has job,has job
1040800011,has job,has job,has job,has job,has job,has job,has job,,
1040800031,has job,has job,has job,has job,has job,has job,has job,has job,
1040900023,,,has job,,has job,has job,has job,has job,
1041400003,has job,has job,has job,has job,has job,has job,has job,has job,
1041800051,has job,has job,has job,has job,has job,has job,has job,has job,
1051100001,has job,has job,has job,has job,has job,has job,has job,has job,
1051500001,has job,has job,has job,has job,has job,has job,has job,has job,
1051900004,,,,has job,has job,has job,has job,has job,
1061031001,has job,has job,has job,has job,has job,has job,has job,has job,
1061100001,has job,has job,has job,has job,has job,has job,has job,has job,
1071400031,,,,,,has job,has job,has job,has job
1071900008,,has job,has job,has job,has job,has job,has job,has job,has job
1081231001,,,,,has job,has job,,,
1081300031,has job,has job,has job,has job,has job,has job,has job,has job,has job
1081400004,,,,,,has job,has job,has job,has job
1090300001,has job,has job,has job,has job,has job,has job,has job,has job,has job
1090300031,has job,has job,has job,has job,has job,has job,has job,has job,has job
1092811001,has job,has job,has job,has job,has job,has job,has job,has job,has job
1092931001,has job,has job,has job,has job,has job,has job,has job,has job,has job
1101700051,,,has job,has job,has job,,has job,,
1101800001,has job,has job,has job,has job,has job,has job,has job,has job,
1110500003,,,,,has job,,has job,has job,
1121700001,has job,has job,has job,has job,has job,has job,has job,has job,has job
1121800001,has job,has job,has job,has job,has job,has job,has job,has job,has job
1131500041,,,,,,,,,has job
1131900031,has job,has job,has job,has job,has job,has job,has job,has job,has job
1141100003,,,,,has job,has job,has job,has job,has job
1141100004,,,,,,,has job,has job,has job
1141400007,,,has job,has job,has job,has job,has job,has job,has job
1141933001,,,,has job,has job,has job,has job,has job,has job
1150500001,has job,has job,has job,has job,has job,has job,has job,has job,has job
1150800001,has job,has job,has job,has job,has job,has job,has job,has job,
1150800004,has job,has job,has job,has job,has job,has job,has job,has job,
1151300006,,,,,,has job,has job,has job,
11519000019,has job,has job,has job,has job,has job,has job,has job,has job,
1152200001,has job,has job,has job,has job,has job,has job,has job,has job,
1152600005,has job,has job,has job,has job,has job,has job,has job,has job,
1152800006,has job,has job,,,,,,,
1152811003,has job,has job,has job,has job,has job,has job,has job,has job,
1152811004,,,,,,,has job,has job,
1152931001,has job,has job,has job,has job,has job,has job,has job,has job,
1152932001,has job,has job,has job,has job,has job,has job,has job,has job,
1171000001,has job,has job,has job,has job,has job,has job,has job,has job,
1171200008,has job,has job,has job,has job,has job,has job,has job,has job,
1171400001,has job,has job,has job,has job,has job,has job,has job,has job,
1180331002,has job,has job,has job,has job,,has job,has job,has job,
1180400004,has job,has job,has job,has job,has job,has job,has job,has job,has job
1180600031,has job,has job,has job,has job,has job,has job,has job,has job,
1200300081,has job,has job,has job,has job,has job,has job,has job,has job,has job
1200400001,has job,has job,has job,has job,has job,has job,has job,has job,has job
1200400009,has job,has job,has job,has job,has job,has job,has job,has job,has job
1200431001,has job,has job,has job,has job,has job,has job,has job,has job,
1201300005,,,,,,has job,has job,has job,has job
1202711001,has job,has job,has job,has job,has job,has job,has job,has job,has job
1210200003,,,,,,,,has job,has job
1210800001,has job,has job,has job,has job,has job,has job,has job,has job,has job
1210800031,has job,has job,has job,has job,has job,has job,has job,has job,has job
1211100101,has job,has job,has job,has job,has job,has job,has job,has job,has job
1211132001,has job,has job,has job,has job,has job,has job,has job,has job,has job
1211132002,has job,has job,has job,has job,has job,has job,,,
1211133001,has job,has job,has job,has job,has job,has job,has job,has job,has job
1211300031,,,,,has job,has job,has job,has job,has job
1211400001,has job,has job,has job,has job,has job,has job,has job,has job,has job
1211400002,has job,has job,has job,has job,has job,has job,has job,has job,has job
1211500062,has job,has job,has job,has job,has job,has job,has job,has job,has job
1212000071,has job,has job,has job,has job,has job,has job,has job,has job,has job
1212631001,has job,has job,has job,has job,has job,has job,has job,has job,has job
1220200001,has job,has job,has job,has job,has job,has job,has job,has job,has job
1220200003,,,,has job,has job,has job,has job,has job,has job
1220632001,,,,has job,has job,has job,has job,has job,has job
1220800043,has job,has job,has job,has job,has job,has job,has job,has job,has job
1221311001,has job,has job,has job,has job,has job,has job,has job,has job,has job
1221400005,has job,has job,has job,has job,has job,has job,has job,has job,has job
1221431001,has job,has job,has job,has job,has job,has job,has job,has job,has job
1221500001,has job,has job,has job,has job,has job,has job,has job,has job,has job
1221500031,has job,has job,has job,has job,has job,has job,has job,has job,has job
1221931001,has job,has job,has job,has job,has job,has job,has job,has job,has job
1221934003,has job,has job,has job,has job,has job,has job,has job,has job,has job
1222000006,has job,has job,has job,has job,has job,has job,has job,has job,has job
1230132001,has job,has job,has job,has job,has job,has job,has job,has job,has job
1230200007,,,,,,,,,has job
1230211001,has job,has job,has job,has job,has job,has job,has job,has job,has job
1230211003,,,,,,,,,has job
1230500001,has job,has job,has job,has job,has job,has job,has job,has job,has job
1230500005,,,,,has job,has job,has job,has job,has job
1230500006,,,has job,has job,has job,has job,has job,has job,has job
1230800051,has job,has job,has job,has job,has job,has job,has job,has job,has job
1230831001,,,has job,has job,has job,has job,has job,has job,has job
1230900005,has job,has job,has job,has job,has job,has job,has job,has job,has job
1230900076,,,,has job,has job,has job,has job,has job,has job
1230932003,,has job,has job,has job,has job,has job,has job,has job,has job
1231000007,,,,,has job,has job,has job,has job,has job
1231000051,has job,has job,has job,has job,has job,has job,has job,has job,has job
1231400003,has job,has job,has job,has job,has job,has job,has job,has job,has job
1231500001,,,,,has job,has job,has job,has job,has job
1231700051,has job,has job,has job,has job,has job,has job,has job,has job,has job
1232000005,,,,,has job,has job,has job,has job,has job
1240400111,has job,has job,has job,has job,has job,has job,has job,has job,has job
1241900091,,has job,has job,has job,has job,has job,has job,has job,has job
1260100006,,,,,,,,has job,has job
1260300006,,has job,has job,,,has job,has job,has job,has job
1260500003,has job,has job,has job,has job,has job,has job,has job,has job,has job
1260800007,,,,,,,has job,has job,has job
1260900008,has job,has job,has job,has job,has job,has job,has job,has job,has job
12609000011,has job,has job,has job,has job,has job,has job,has job,has job,
1260900021,has job,has job,has job,has job,has job,has job,has job,has job,has job
1260900022,has job,has job,has job,has job,has job,has job,has job,has job,has job
1260931001,has job,has job,has job,has job,has job,has job,has job,has job,has job
1261200001,has job,has job,has job,has job,has job,has job,has job,has job,has job
1261211007,has job,has job,has job,has job,has job,has job,has job,has job,
1261231002,has job,has job,has job,has job,has job,has job,has job,has job,has job
1261611001,has job,has job,has job,has job,has job,has job,has job,has job,has job
1261831001,has job,has job,has job,has job,has job,has job,has job,has job,has job
1270900041,,,,,,has job,has job,has job,
1271800008,has job,has job,has job,has job,has job,has job,has job,has job,
1272000001,has job,has job,has job,has job,has job,has job,has job,has job,
1280311004,,,,,has job,has job,has job,has job,
1280400003,has job,has job,has job,has job,has job,has job,has job,has job,
1282000001,has job,has job,has job,has job,has job,has job,has job,has job,
1290200002,,,,,,,has job,has job,
1290200005,,has job,has job,has job,has job,has job,,,
1290600001,has job,has job,has job,has job,has job,has job,has job,has job,
1290611001,has job,has job,has job,has job,has job,has job,has job,has job,
1290800001,has job,has job,has job,has job,has job,has job,has job,has job,
1300900003,,,,,,,,has job,has job
1310800001,has job,has job,has job,has job,has job,has job,has job,has job,has job
1310900004,,,,,,,,,has job
1311000061,,,,,,has job,has job,has job,has job
1311121001,has job,has job,has job,has job,has job,has job,has job,has job,has job
1311122001,has job,has job,has job,has job,has job,has job,has job,has job,has job
1311200001,has job,has job,has job,has job,has job,has job,has job,has job,has job
1311400021,has job,has job,has job,has job,has job,has job,has job,has job,has job
1311700008,has job,has job,has job,has job,has job,has job,has job,has job,has job
1321100001,has job,has job,has job,has job,has job,has job,has job,has job,has job
1330532001,has job,has job,has job,,has job,has job,has job,,has job
1330800001,has job,has job,has job,has job,has job,has job,has job,has job,has job
1331000003,,has job,has job,has job,has job,has job,has job,has job,has job
1331331001,has job,has job,has job,has job,has job,has job,has job,has job,has job
1331500004,has job,has job,has job,has job,has job,has job,has job,has job,has job
1331600031,,,,,,has job,has job,has job,has job
1331900011,has job,has job,has job,has job,has job,has job,has job,has job,has job
1331900013,,,,,,,,,has job
1360500041,has job,has job,has job,has job,has job,has job,has job,has job,has job
1362500005,,,,,,has job,has job,has job,has job
1362700005,has job,has job,has job,has job,has job,has job,has job,has job,has job
1372600036,has job,has job,has job,has job,has job,has job,has job,has job,has job
1391000071,,,,,has job,has job,has job,has job,has job
1391700003,,,,,,,,has job,has job
1392000001,has job,has job,has job,has job,has job,has job,has job,has job,has job
1401300002,has job,,,,,,,,
1401600005,,,,,,has job,has job,has job,has job
1410531001,has job,,,,,has job,has job,has job,
1411400071,,,,has job,has job,has job,has job,has job,
1412300031,,,has job,has job,,,,,
1412331006,has job,has job,has job,has job,has job,has job,has job,has job,
1420100007,,,,,has job,has job,has job,has job,
1420600041,has job,has job,has job,has job,has job,has job,has job,has job,
1420900044,has job,has job,has job,has job,has job,,,has job,
1421331001,has job,,has job,has job,has job,has job,has job,has job,
14215310010,has job,has job,has job,has job,has job,has job,has job,has job,
1421800001,has job,has job,has job,has job,has job,has job,has job,has job,
1422100061,has job,has job,has job,has job,has job,has job,has job,has job,
1431700001,has job,has job,has job,has job,has job,has job,has job,has job,
1432600006,has job,has job,has job,has job,has job,has job,has job,has job,
1440331002,,,,,,,,,has job
1440900001,has job,has job,has job,has job,has job,has job,has job,has job,has job
1452900003,,,,,,has job,has job,,has job
1460400031,has job,has job,has job,has job,has job,has job,has job,has job,has job
1461521001,has job,has job,has job,has job,has job,has job,has job,has job,has job
1471200001,has job,has job,has job,has job,has job,has job,has job,has job,has job
1491531001,has job,has job,has job,has job,has job,has job,has job,has job,has job
1521900001,has job,has job,,,,,,,
1530700043,,,,has job,has job,has job,has job,has job,
1530800001,has job,has job,has job,has job,has job,has job,,has job,
1531000051,has job,has job,has job,has job,has job,has job,has job,has job,
1531500051,has job,has job,has job,has job,has job,has job,has job,has job,
1531531001,has job,has job,has job,has job,has job,has job,has job,has job,
1531700021,,,,,,,,has job,
1531700041,has job,has job,has job,has job,has job,has job,has job,has job,
1540100001,has job,has job,has job,has job,has job,has job,has job,has job,has job
1540100051,,,has job,has job,has job,has job,has job,has job,has job
1541931001,,has job,has job,has job,has job,has job,has job,has job,has job
1570700006,,,,,,,,,has job
1571100061,,,,has job,has job,has job,has job,has job,has job
1571100071,,has job,has job,has job,has job,has job,has job,has job,has job
1580300005,,,,,,has job,has job,has job,has job
15803000010,,,,,,,,,has job
1580500051,has job,has job,has job,has job,has job,has job,has job,has job,has job
1590300005,,,,,,,,,has job
1591000007,has job,has job,has job,has job,has job,has job,has job,has job,has job
1591000111,has job,has job,has job,has job,has job,has job,has job,has job,has job
1591300001,has job,has job,has job,has job,has job,has job,has job,has job,has job
1591731001,has job,has job,has job,has job,has job,has job,has job,has job,has job
1592100061,has job,has job,has job,has job,has job,has job,has job,has job,has job
1600600002,has job,has job,has job,has job,has job,has job,has job,has job,has job
1600600007,,,,,,,has job,has job,has job
1601000001,,,,,,,,,has job
1601000004,has job,has job,has job,has job,has job,has job,has job,has job,has job
1601231001,has job,has job,has job,has job,has job,has job,has job,has job,has job
1610800001,has job,has job,has job,has job,has job,has job,has job,has job,has job
1611200001,has job,has job,has job,has job,has job,has job,has job,,has job
1611200005,,,,,,,has job,has job,has job
1611400001,has job,has job,has job,has job,has job,has job,has job,has job,has job
1611500005,has job,has job,,,,,,,
1611700001,has job,has job,has job,has job,has job,has job,has job,has job,has job
1611700003,,,,,has job,has job,has job,has job,has job
1620100005,has job,has job,has job,has job,has job,has job,has job,has job,has job
1620700008,has job,has job,has job,has job,has job,has job,has job,has job,has job
1621200006,has job,has job,has job,has job,has job,has job,has job,has job,has job
1621400111,has job,has job,has job,has job,has job,has job,has job,has job,has job
1621600004,,,has job,has job,has job,has job,has job,has job,has job
1630300001,has job,has job,has job,has job,has job,has job,has job,has job,has job
1630400001,has job,has job,has job,has job,has job,has job,has job,has job,has job
1630800003,has job,has job,has job,has job,has job,has job,has job,has job,has job
1631000004,,,has job,has job,has job,has job,has job,has job,has job
1631100007,has job,has job,has job,has job,has job,has job,has job,has job,has job
1631800031,has job,has job,has job,has job,has job,has job,has job,has job,has job
1632800001,has job,has job,has job,has job,has job,has job,has job,has job,has job
16401110012,has job,has job,has job,has job,has job,has job,has job,has job,has job
1640500003,has job,has job,has job,has job,has job,has job,has job,has job,has job
1641200004,,,,,,,has job,has job,has job
1641700001,has job,has job,has job,has job,has job,has job,has job,has job,has job
1641800006,has job,has job,has job,has job,has job,has job,has job,has job,has job
1642331001,has job,has job,has job,has job,has job,has job,has job,has job,has job
1642500004,has job,has job,has job,has job,has job,has job,has job,has job,has job
1651031001,has job,has job,has job,has job,has job,has job,has job,has job,
1662700001,has job,has job,has job,has job,has job,has job,has job,has job,has job
1680300003,,,,,,,,,has job
1682300003,has job,has job,has job,has job,has job,has job,has job,has job,has job
1682800008,has job,has job,has job,has job,has job,has job,has job,has job,has job
1690900041,,,,has job,has job,has job,has job,has job,has job
1690900051,has job,has job,has job,has job,has job,has job,has job,has job,has job
1691831001,,,,has job,has job,has job,has job,has job,has job
1691900031,has job,has job,has job,has job,,has job,has job,has job,has job
1692200031,,has job,has job,has job,has job,has job,has job,has job,has job
1700811001,has job,has job,has job,has job,has job,has job,has job,has job,has job
1701800005,,,,,,,has job,has job,has job
1704100001,has job,has job,has job,has job,has job,has job,has job,has job,has job
1704100003,,,,has job,,has job,,has job,has job
1710300004,,,,,,,,has job,has job
1711700021,has job,has job,has job,has job,has job,has job,has job,has job,has job
1711800003,has job,has job,has job,has job,has job,has job,has job,has job,has job
1712211003,has job,has job,has job,has job,has job,has job,has job,has job,has job
1712500001,has job,has job,has job,has job,has job,has job,has job,has job,has job
1712700001,has job,has job,has job,has job,has job,has job,has job,has job,has job
1712800001,has job,has job,has job,has job,has job,has job,has job,has job,has job
1731400041,has job,has job,,,,,has job,has job,has job
1741300001,has job,has job,has job,has job,has job,has job,has job,has job,has job
1750100001,,,,,has job,,,has job,has job
1751600001,has job,has job,has job,has job,has job,has job,has job,has job,has job
1751711001,has job,has job,has job,has job,has job,has job,has job,has job,has job
1752611001,,,,,,,,has job,has job
1760531001,has job,has job,has job,has job,has job,has job,has job,has job,has job
1760700001,has job,has job,has job,has job,has job,has job,has job,has job,has job
1761800001,has job,has job,has job,has job,has job,has job,has job,has job,has job
1770800001,has job,has job,has job,has job,has job,has job,has job,has job,has job
1771200011,has job,has job,has job,has job,has job,has job,has job,has job,has job
1771600004,has job,has job,has job,has job,has job,has job,has job,has job,has job
1782400031,has job,has job,has job,has job,has job,has job,has job,has job,has job
1790300005,,,,has job,has job,has job,has job,has job,has job
1791131001,has job,has job,has job,has job,has job,has job,has job,has job,has job
1791800021,,,has job,has job,has job,has job,has job,has job,has job
1792500031,has job,has job,has job,has job,has job,has job,has job,has job,has job
1792600031,has job,has job,has job,has job,has job,has job,has job,has job,has job
1792700005,,,,,,has job,,,has job
1800500041,,,,,has job,has job,has job,has job,has job
1800800001,has job,has job,has job,has job,has job,has job,has job,has job,has job
1801132001,,,,,,,,,has job
1801600004,,,,,,,,,has job
1801800008,,has job,has job,has job,has job,has job,,,has job
1801900006,has job,has job,has job,has job,has job,has job,has job,has job,has job
1811432001,has job,has job,has job,has job,has job,has job,has job,has job,has job
1811600041,has job,has job,has job,has job,has job,has job,has job,has job,has job
1812331001,has job,has job,has job,has job,has job,has job,has job,has job,has job
1820100007,has job,has job,has job,has job,has job,has job,has job,has job,has job
1830100008,,,,,,,has job,,
1830200007,has job,has job,has job,has job,has job,has job,has job,has job,has job
1830500006,has job,has job,has job,has job,has job,has job,has job,has job,has job
1830700005,has job,has job,has job,has job,has job,has job,has job,has job,has job
1830832002,has job,has job,has job,has job,has job,has job,has job,has job,has job
1831000011,has job,has job,has job,has job,has job,has job,has job,has job,has job
1831000031,has job,has job,has job,has job,has job,has job,has job,has job,has job
1831100041,has job,has job,has job,has job,has job,has job,has job,has job,has job
1831332001,has job,has job,has job,,,,has job,has job,has job
1831400001,has job,has job,has job,has job,has job,has job,has job,has job,has job
1831531001,has job,has job,has job,has job,has job,has job,has job,has job,has job
1831600041,has job,has job,has job,has job,has job,has job,has job,has job,has job
18317000016,has job,has job,has job,has job,has job,has job,has job,has job,has job
1841100021,,,,has job,has job,has job,has job,has job,has job
1841300005,has job,has job,,,has job,has job,has job,has job,has job
1842711006,has job,has job,has job,has job,has job,has job,has job,has job,has job
1850200002,has job,has job,has job,has job,has job,has job,has job,has job,has job
1850231001,has job,has job,has job,has job,has job,has job,has job,has job,has job
1850632001,has job,has job,has job,has job,has job,has job,has job,has job,has job
1851400051,,has job,has job,has job,has job,has job,has job,has job,has job
1860811001,has job,has job,has job,has job,has job,has job,has job,has job,has job
1861600009,has job,has job,has job,has job,has job,has job,has job,has job,has job
1870300006,has job,has job,has job,has job,has job,has job,has job,has job,has job
1871500001,has job,has job,has job,has job,has job,has job,has job,has job,has job
1871500003,,,,,,,has job,has job,has job
1871800005,has job,has job,has job,has job,has job,has job,has job,has job,has job
1880500001,has job,has job,has job,has job,has job,has job,has job,has job,has job
1880900001,has job,has job,has job,has job,has job,has job,has job,has job,has job
1911100031,,,,,,,,,has job
1930300003,has job,has job,has job,has job,has job,has job,has job,has job,has job
1930300004,,,,,has job,has job,has job,has job,has job
1930700083,has job,has job,has job,has job,has job,has job,has job,has job,has job
1931000001,has job,has job,has job,has job,has job,has job,has job,has job,has job
1950800032,has job,has job,has job,has job,has job,has job,has job,has job,has job
1960811003,,,,,,,,has job,
1961600021,has job,has job,has job,has job,has job,has job,has job,has job,has job
1972100002,has job,has job,has job,has job,has job,has job,has job,has job,has job
1980300003,has job,has job,has job,has job,has job,has job,has job,has job,has job
1980400002,,has job,has job,has job,has job,has job,has job,has job,has job
1980511001,has job,has job,has job,has job,has job,has job,has job,has job,has job
1981400003,has job,has job,has job,has job,has job,has job,has job,has job,has job
19912000010,,,,,,,,has job,has job
1991500051,,has job,has job,has job,has job,has job,has job,has job,has job
2000100003,has job,has job,has job,has job,has job,has job,has job,has job,has job
2000300011,has job,has job,has job,has job,has job,has job,has job,,
2000400001,has job,has job,has job,has job,has job,has job,has job,has job,has job
2000500061,has job,has job,has job,has job,has job,has job,has job,has job,has job
2000700004,,,,,,has job,has job,has job,has job
2000800005,has job,has job,has job,has job,has job,has job,has job,has job,has job
2000831001,has job,has job,has job,has job,has job,has job,has job,has job,has job
2001000002,has job,has job,has job,has job,has job,has job,has job,has job,has job
2001000041,,,has job,has job,has job,has job,has job,has job,has job
2001200001,has job,has job,has job,has job,has job,has job,has job,has job,has job
2001300003,has job,has job,has job,has job,has job,has job,has job,has job,has job
2001400001,has job,has job,has job,has job,has job,has job,has job,has job,has job
2001500001,has job,has job,has job,has job,has job,has job,has job,has job,has job
2001500002,has job,has job,has job,has job,has job,has job,has job,has job,has job
2001700001,has job,has job,has job,has job,has job,has job,has job,has job,has job
2001700006,,,,,,,,has job,has job
2010500001,has job,has job,has job,has job,has job,has job,has job,has job,
2010500031,,has job,has job,has job,has job,has job,has job,has job,has job
2010800001,has job,has job,has job,has job,has job,has job,has job,has job,has job
2010800004,,,,,,,,has job,has job
2011100031,has job,has job,has job,has job,has job,has job,has job,has job,has job
2011231001,has job,has job,has job,has job,has job,has job,has job,has job,has job
2011500003,,has job,has job,has job,has job,has job,has job,has job,has job
2011600005,,,,,,,,,has job
2011611001,has job,has job,has job,has job,has job,has job,has job,has job,has job
2011700002,has job,has job,has job,has job,has job,has job,has job,has job,has job
2011700005,,has job,,has job,has job,has job,has job,has job,has job
2011731001,has job,has job,has job,has job,has job,has job,has job,has job,has job
2011900002,has job,has job,has job,has job,has job,has job,has job,has job,has job
2012031001,has job,has job,has job,has job,has job,has job,has job,has job,has job
2012200051,has job,has job,has job,has job,has job,has job,has job,has job,has job
2012332001,,,,has job,has job,has job,has job,has job,has job
2012400004,has job,has job,has job,has job,has job,has job,has job,has job,has job
2012500001,has job,has job,has job,has job,has job,has job,has job,has job,has job
2012600041,has job,has job,has job,has job,has job,has job,has job,has job,has job
2012700003,has job,has job,has job,has job,has job,has job,has job,has job,has job
2012800001,has job,has job,has job,has job,has job,has job,has job,has job,has job
2012831001,has job,has job,has job,has job,has job,has job,has job,has job,has job
2012900001,has job,has job,has job,has job,has job,has job,has job,has job,has job
2013000001,has job,has job,has job,has job,has job,has job,has job,has job,has job
2020431002,has job,has job,has job,has job,has job,has job,has job,has job,has job
2020700001,has job,has job,has job,has job,has job,has job,has job,has job,has job
2020800041,,has job,has job,has job,has job,has job,has job,has job,has job
2020900051,,has job,has job,,has job,has job,has job,has job,has job
2021100003,has job,has job,has job,has job,has job,has job,has job,has job,has job
2021200001,has job,has job,has job,has job,has job,has job,has job,has job,has job
2021800061,,,,has job,has job,has job,has job,has job,has job
2021800071,has job,has job,has job,has job,has job,has job,has job,has job,has job
2030200001,has job,has job,has job,has job,has job,has job,has job,has job,has job
2030300041,,,,,,has job,has job,has job,has job
2030500006,,,,has job,has job,has job,has job,has job,has job
2030600001,has job,has job,has job,has job,has job,has job,has job,has job,has job
2031200008,has job,has job,has job,has job,has job,has job,has job,has job,has job
2031231001,has job,has job,has job,has job,has job,has job,has job,has job,has job
2031400003,has job,has job,has job,has job,has job,has job,has job,has job,has job
2031600021,has job,has job,has job,has job,has job,has job,has job,has job,has job
2040411001,has job,has job,has job,has job,has job,has job,has job,has job,has job
2041200004,,,,,,has job,has job,has job,has job
2041400001,has job,has job,has job,has job,has job,has job,has job,has job,has job
2041532001,has job,has job,has job,has job,has job,has job,has job,has job,has job
2050300003,has job,has job,has job,has job,has job,has job,has job,has job,has job
2050300005,,,,,has job,has job,has job,has job,has job
2050600005,,,,,,,,,has job
2050800001,has job,has job,has job,has job,has job,has job,has job,has job,has job
2050800051,,has job,has job,has job,has job,has job,has job,has job,has job
2050831001,,has job,has job,has job,has job,has job,has job,has job,has job
2051100001,has job,has job,has job,has job,has job,has job,has job,has job,has job
2051100004,has job,has job,has job,has job,has job,has job,has job,has job,has job
2051400041,has job,has job,has job,has job,has job,has job,has job,has job,has job
2060100005,has job,has job,has job,has job,has job,has job,has job,has job,has job
2060211001,has job,has job,has job,has job,has job,has job,has job,has job,has job
2061200031,has job,has job,has job,has job,has job,has job,has job,has job,has job
2061300006,,,,,,,,,has job
2061300032,has job,has job,has job,has job,has job,has job,has job,has job,has job
2072631002,has job,has job,has job,has job,has job,has job,has job,has job,has job
20822000010,has job,has job,has job,has job,has job,has job,has job,has job,has job
2110300002,has job,has job,has job,has job,has job,has job,has job,has job,has job
2121300006,,,,,has job,has job,has job,has job,has job
2121700001,has job,has job,has job,has job,has job,has job,has job,has job,has job
2121831001,has job,has job,has job,has job,has job,has job,has job,has job,has job
2130200031,,,,,,has job,has job,has job,has job
2141432001,has job,has job,has job,has job,has job,has job,has job,has job,has job
2150231002,has job,has job,has job,has job,has job,has job,has job,has job,has job
2150500001,has job,has job,has job,has job,has job,has job,has job,has job,has job
2150500002,has job,has job,has job,has job,has job,has job,has job,has job,has job
2160900004,has job,has job,has job,has job,has job,has job,has job,has job,has job
2170700031,has job,has job,has job,has job,has job,has job,has job,has job,has job
2170731002,has job,has job,has job,has job,has job,has job,has job,has job,has job
2171900001,has job,has job,has job,has job,has job,has job,has job,has job,has job
2180500002,has job,has job,has job,has job,has job,has job,has job,has job,
2180900003,,,,,,,has job,has job,
2181100005,,,,,,,,has job,
2181100023,,,,,has job,has job,has job,has job,
2181200034,,,,,,,has job,has job,
2181300003,,,,,,,,has job,
2181300004,,,,,,,has job,has job,
2181400001,has job,has job,has job,has job,has job,has job,has job,has job,
2181400005,,,,,,has job,has job,has job,
2181600006,,,,,has job,has job,has job,has job,
2181731006,has job,has job,has job,has job,has job,has job,has job,has job,
2191631003,,has job,has job,has job,has job,has job,has job,has job,has job
2191800001,has job,has job,has job,has job,has job,has job,has job,has job,has job
2192500041,has job,has job,has job,has job,has job,has job,has job,has job,has job
2192600031,has job,has job,has job,has job,has job,has job,has job,has job,has job
2200100002,,has job,has job,has job,has job,has job,has job,has job,has job
2200200005,has job,has job,has job,has job,has job,has job,has job,has job,has job
2200200009,has job,has job,has job,has job,has job,has job,has job,has job,
2200200031,has job,has job,has job,has job,has job,has job,has job,has job,has job
2200300008,,has job,has job,has job,has job,has job,has job,has job,has job
2200800005,has job,has job,,,,has job,has job,has job,has job
2200800033,,,,,,,has job,has job,has job
2201100002,has job,has job,has job,has job,has job,has job,has job,has job,has job
2201300031,,has job,has job,has job,has job,has job,has job,has job,has job
2201500021,has job,has job,has job,has job,has job,has job,has job,has job,has job
2201900041,has job,has job,has job,has job,has job,has job,has job,has job,has job
2210300001,has job,has job,has job,has job,has job,has job,has job,,
2210400007,has job,has job,has job,has job,has job,has job,has job,has job,has job
2211500031,has job,has job,has job,has job,has job,has job,has job,has job,has job
2211700005,has job,has job,has job,has job,has job,has job,has job,has job,has job
2212000001,has job,has job,has job,has job,has job,has job,has job,has job,has job
2220100001,has job,has job,has job,has job,has job,,,,
2220900031,,,has job,has job,has job,has job,has job,has job,has job
2220900041,,,,,,has job,has job,has job,has job
2221300001,has job,has job,has job,has job,has job,has job,has job,has job,has job
2231600004,has job,has job,has job,has job,has job,has job,has job,has job,
2240800001,has job,has job,has job,has job,has job,has job,has job,has job,has job
2240900009,,,,,,,,has job,has job
2241600051,,,,,,,has job,has job,has job
2241700005,has job,has job,has job,has job,has job,has job,has job,,has job
2242200001,has job,has job,has job,has job,has job,has job,has job,has job,has job
2242400061,has job,has job,has job,has job,has job,has job,has job,has job,has job
2251300041,has job,has job,has job,has job,has job,has job,has job,has job,
2252000051,,,has job,has job,has job,has job,has job,has job,
2261100031,,,,,,has job,has job,has job,has job
2270700001,has job,has job,has job,has job,has job,has job,has job,has job,
2271432001,has job,has job,has job,has job,has job,has job,has job,has job,
2272000003,,,has job,has job,has job,has job,has job,has job,
2272031001,has job,has job,has job,has job,has job,,,,
2272031004,has job,has job,has job,has job,has job,has job,has job,has job,
2272031005,,,,,,,,has job,
2280400004,,,,,,,,,has job
2281400003,has job,has job,has job,has job,has job,has job,has job,has job,has job
2282200003,,,has job,has job,,,has job,has job,has job
2282331001,has job,has job,has job,has job,has job,has job,has job,has job,has job
2282500034,,,,,,has job,has job,,
2282600006,has job,has job,has job,has job,has job,has job,has job,has job,
2283000008,has job,has job,has job,has job,has job,has job,has job,has job,has job
2290300003,,,,,,,,has job,
2290400031,has job,has job,has job,has job,has job,has job,has job,has job,has job
2290700004,has job,has job,has job,has job,has job,has job,has job,has job,has job
22917000010,has job,,has job,has job,has job,has job,has job,has job,has job
2292600051,has job,has job,has job,has job,has job,has job,has job,has job,has job
2300900041,has job,has job,has job,has job,has job,has job,has job,has job,
2300900053,has job,has job,has job,has job,has job,has job,has job,has job,
2301100003,,,,,,,has job,has job,has job
2302200007,has job,has job,has job,has job,has job,has job,has job,has job,
2302700011,has job,has job,has job,has job,has job,has job,has job,has job,
2310500004,,,,,,,has job,,
2310600001,has job,has job,has job,has job,has job,has job,has job,has job,
2311400001,has job,has job,has job,has job,has job,has job,has job,has job,
2311700031,has job,has job,has job,has job,has job,has job,has job,has job,
2320600011,has job,has job,has job,has job,has job,has job,has job,has job,
2322411001,has job,has job,has job,has job,has job,has job,has job,has job,
2330100046,,,,,has job,has job,has job,has job,has job
2330400001,has job,has job,has job,has job,has job,has job,has job,has job,
2330600001,has job,has job,has job,has job,has job,has job,has job,has job,has job
2331000007,has job,has job,has job,has job,has job,has job,has job,has job,has job
2331500004,,,,,,,has job,has job,has job
2332000004,has job,has job,has job,has job,has job,has job,has job,has job,has job
2332031008,has job,has job,has job,has job,has job,has job,has job,has job,has job
2332800001,has job,has job,has job,has job,has job,has job,has job,has job,has job
2333000009,has job,has job,has job,has job,has job,has job,has job,has job,has job
2340500031,has job,has job,has job,has job,has job,has job,has job,has job,has job
2341400051,has job,has job,has job,has job,has job,has job,has job,has job,has job
2341500001,has job,has job,has job,has job,has job,has job,has job,,
2341600005,has job,has job,has job,has job,has job,has job,has job,has job,has job
2341700003,,,,,,,,,has job
2350600005,has job,has job,has job,has job,has job,has job,has job,has job,has job
2351300031,,,has job,has job,has job,has job,has job,has job,has job
2360100001,has job,has job,has job,has job,has job,has job,has job,has job,has job
2361731001,has job,has job,has job,has job,has job,has job,has job,has job,has job
2370200031,has job,has job,has job,has job,has job,has job,has job,has job,has job
2370831001,has job,has job,has job,has job,has job,has job,has job,has job,has job
2371100003,,,,has job,has job,has job,has job,,has job
2371200031,has job,has job,has job,has job,has job,has job,has job,has job,has job
2371300003,has job,has job,has job,has job,has job,has job,has job,has job,has job
23716000010,has job,has job,has job,has job,has job,has job,has job,has job,has job
2371700001,has job,has job,has job,has job,has job,has job,has job,has job,has job
2372400005,,has job,has job,has job,has job,has job,has job,,has job
2372400006,,,,,,,,has job,has job
2372500001,has job,has job,has job,has job,has job,has job,has job,has job,has job
2372700001,has job,has job,has job,has job,has job,has job,has job,has job,has job
2372900004,has job,has job,has job,has job,has job,has job,has job,has job,has job
2380700001,has job,has job,has job,has job,has job,has job,has job,has job,has job
2381132001,,,,,has job,has job,has job,has job,has job
2381700031,has job,has job,has job,has job,has job,has job,has job,has job,has job
23901000013,has job,has job,has job,has job,,,,,
2390332001,has job,has job,has job,has job,has job,has job,has job,has job,has job
2390800021,has job,,has job,has job,has job,has job,has job,has job,has job
2391900031,has job,has job,has job,has job,has job,has job,has job,has job,has job
2392800001,has job,has job,has job,has job,has job,has job,has job,has job,has job
2400500031,has job,has job,has job,has job,has job,has job,has job,has job,has job
2400500042,,,has job,has job,has job,has job,has job,has job,has job
2400531001,has job,has job,has job,has job,has job,has job,has job,has job,has job
2400900002,has job,has job,has job,has job,has job,has job,has job,has job,has job
2400931001,has job,has job,has job,has job,has job,has job,has job,has job,has job
2401700031,has job,has job,has job,has job,has job,has job,has job,has job,has job
2401700061,has job,has job,has job,has job,,has job,has job,has job,has job
2401731001,has job,has job,has job,has job,has job,has job,has job,has job,has job
2402100001,has job,has job,has job,has job,has job,has job,has job,has job,has job
2402200005,has job,has job,has job,has job,has job,has job,has job,has job,has job
2402700001,has job,has job,has job,has job,has job,has job,has job,has job,
2402700003,,,,,,,,has job,
2410300007,has job,has job,has job,has job,has job,has job,has job,has job,has job
2410700061,has job,has job,has job,has job,has job,has job,has job,has job,has job
2411100041,has job,has job,has job,has job,has job,has job,has job,has job,has job
2412200007,,,,,has job,has job,has job,has job,has job
2412931003,has job,has job,has job,has job,has job,has job,has job,has job,has job
2422500003,,,,,,,,has job,
2430900004,has job,has job,has job,has job,has job,has job,has job,has job,
2431700001,has job,has job,has job,has job,has job,has job,has job,has job,
2440200021,has job,has job,has job,has job,has job,has job,has job,has job,
2441200041,,,,,has job,,has job,has job,has job
2442200004,has job,has job,has job,has job,has job,has job,has job,has job,
2442300041,,,,,,,has job,has job,has job
2450100041,has job,has job,has job,has job,has job,has job,has job,has job,has job
2450631001,has job,has job,has job,has job,has job,has job,has job,has job,has job
2450632006,has job,has job,has job,has job,has job,has job,has job,has job,has job
2451831001,has job,has job,has job,has job,has job,has job,has job,has job,has job
2460700003,,has job,has job,has job,has job,has job,,,
2471200005,,,,has job,has job,has job,has job,has job,has job
2472100005,has job,has job,has job,has job,has job,has job,has job,has job,has job
2480331001,has job,has job,has job,has job,has job,has job,has job,has job,has job
2480412001,has job,has job,has job,has job,has job,has job,has job,has job,has job
2480600001,has job,has job,has job,has job,,,,,
2481100001,has job,has job,has job,has job,has job,has job,has job,,
2491600005,has job,has job,has job,has job,has job,has job,has job,has job,has job
2510600001,has job,has job,has job,has job,has job,has job,has job,has job,has job
2510700041,has job,has job,has job,has job,has job,has job,has job,has job,has job
2512400031,has job,has job,has job,has job,has job,has job,has job,has job,has job
2522700001,has job,has job,has job,has job,has job,has job,has job,has job,has job
2522800001,has job,has job,has job,has job,has job,has job,has job,has job,has job
2522900001,has job,has job,has job,has job,has job,has job,has job,has job,has job
2530700005,,,,,,,,has job,has job
2530700031,has job,has job,has job,has job,has job,has job,has job,has job,has job
2531100004,,,,,,,,has job,has job
25316000014,has job,has job,has job,has job,has job,has job,has job,has job,has job
25316000015,,,,,has job,has job,has job,has job,has job
2531600062,has job,has job,has job,has job,has job,has job,has job,has job,has job
2531600103,,,,,,,,,has job
2531611003,,,,,,,,,has job
2531800005,has job,has job,has job,has job,has job,has job,has job,has job,has job
2531911001,has job,has job,has job,has job,has job,has job,has job,has job,has job
2540600011,has job,has job,has job,has job,has job,has job,has job,has job,has job
2551000041,has job,has job,has job,has job,has job,has job,has job,has job,has job
2560400003,,,,,,,,,has job
2560400004,,,,has job,has job,has job,has job,has job,has job
2561500001,has job,has job,has job,has job,has job,has job,has job,has job,has job
2570100006,has job,has job,has job,has job,has job,has job,has job,has job,has job
2580100004,,,,,has job,has job,has job,has job,has job
2581400003,has job,has job,has job,has job,has job,has job,has job,has job,has job
2581500001,has job,has job,has job,has job,has job,has job,has job,has job,has job
2600400001,has job,has job,has job,has job,has job,has job,has job,has job,has job
2610232001,has job,has job,has job,has job,has job,has job,has job,has job,has job
2610331001,has job,has job,has job,has job,has job,has job,has job,has job,has job
2611200001,has job,has job,has job,has job,has job,has job,has job,has job,
2621100032,,,has job,has job,has job,has job,has job,has job,has job
2621400011,has job,has job,has job,has job,has job,has job,has job,has job,has job
2621800004,has job,has job,has job,has job,,,,,
2640600001,has job,has job,has job,has job,has job,has job,has job,has job,has job
2640700001,has job,has job,has job,has job,has job,has job,has job,has job,has job
2640800001,has job,has job,has job,has job,has job,has job,has job,has job,has job
2641000001,has job,has job,has job,has job,has job,has job,has job,has job,has job
2641600001,has job,has job,has job,has job,has job,,,,
2641600071,,,,has job,has job,has job,has job,has job,has job
2641632001,has job,has job,has job,has job,has job,has job,has job,has job,has job
2642000002,has job,has job,has job,has job,has job,has job,has job,has job,has job
2671200008,,,,,,has job,has job,has job,has job
2671331001,has job,has job,has job,has job,has job,has job,has job,has job,has job
2671500001,has job,has job,has job,has job,has job,has job,has job,has job,has job
2671900005,has job,has job,has job,has job,has job,has job,has job,has job,has job
2681000002,has job,has job,has job,has job,has job,has job,has job,has job,has job
2684200001,has job,has job,has job,has job,has job,has job,has job,has job,has job
2690231001,has job,has job,has job,has job,has job,has job,has job,has job,has job
2690300003,has job,has job,has job,has job,has job,has job,has job,has job,has job
2692600031,has job,has job,has job,has job,has job,has job,has job,has job,has job
2700500002,,,,,has job,has job,has job,has job,
2700500005,has job,has job,has job,has job,has job,has job,has job,has job,has job
2700531001,has job,has job,has job,has job,has job,has job,has job,has job,
2701200001,has job,has job,has job,has job,has job,has job,has job,has job,has job
2701500032,has job,has job,has job,has job,has job,has job,has job,has job,
2701600001,has job,has job,has job,has job,has job,has job,has job,has job,has job
2701800004,,,,,,,has job,has job,
2701900001,,,,,,,,has job,
2711700001,has job,has job,has job,has job,has job,has job,has job,has job,has job
2711700002,has job,has job,has job,has job,has job,has job,has job,has job,has job
2711800041,,has job,has job,has job,has job,has job,has job,has job,has job
2712100004,has job,has job,has job,has job,has job,has job,has job,has job,has job
2720711002,,,,,has job,has job,has job,has job,has job
27227000011,,,,,,,has job,has job,has job
2730100047,,,,,,,has job,has job,has job
2731000041,,,,,,has job,has job,has job,has job
2731300003,,,,,,has job,has job,has job,has job
2731800003,,,,,,,,has job,has job
2732200041,has job,has job,has job,has job,has job,has job,has job,has job,has job
2732231001,has job,has job,has job,has job,has job,has job,has job,has job,has job
2740200004,has job,has job,has job,has job,has job,has job,has job,has job,has job
2740200031,has job,has job,has job,has job,has job,has job,has job,has job,has job
2740200052,,has job,has job,has job,has job,has job,has job,has job,has job
2740531005,,has job,has job,has job,has job,has job,has job,has job,
2740600021,has job,has job,has job,has job,has job,has job,has job,has job,has job
2741300004,,,has job,has job,has job,has job,has job,has job,has job
2742100002,has job,has job,has job,has job,has job,has job,has job,has job,has job
2742200001,has job,has job,has job,has job,has job,has job,has job,has job,has job
2742232001,has job,has job,has job,has job,has job,has job,has job,has job,has job
2742500003,has job,has job,has job,has job,has job,has job,has job,has job,has job
2750200003,has job,has job,has job,has job,has job,has job,has job,has job,has job
2750500031,has job,has job,has job,has job,has job,has job,has job,has job,has job
2760500005,,,,,,,,,has job
2762000001,has job,has job,has job,has job,has job,has job,has job,has job,has job
2771400061,has job,has job,has job,has job,has job,has job,has job,has job,
2771800006,,,,,,has job,has job,has job,
2780200001,has job,has job,has job,has job,has job,has job,has job,has job,
2780800001,has job,has job,has job,has job,has job,has job,has job,has job,has job
2781200051,has job,has job,has job,has job,has job,has job,has job,has job,
2790100003,has job,has job,has job,has job,has job,has job,has job,has job,
2790431001,has job,has job,has job,has job,has job,has job,has job,has job,
2791500005,,has job,has job,has job,has job,has job,has job,has job,
2791521003,has job,has job,has job,has job,has job,has job,has job,has job,
2791611001,has job,has job,has job,has job,has job,has job,has job,has job,
2791921001,has job,has job,has job,has job,has job,has job,has job,has job,
2792100031,has job,has job,has job,has job,has job,has job,has job,has job,
2792700001,has job,has job,has job,has job,has job,has job,has job,,
2792900007,,,,has job,has job,has job,has job,has job,
2800200042,,,,,,,has job,has job,
2800300031,has job,has job,has job,has job,has job,has job,has job,has job,
2800300041,has job,has job,has job,has job,has job,has job,has job,has job,
2800500003,,,,has job,,,has job,has job,
2801221001,has job,has job,has job,has job,has job,has job,has job,has job,
2801631001,has job,has job,has job,has job,has job,has job,has job,has job,
2801700031,has job,has job,has job,has job,has job,has job,has job,has job,has job
2801900021,,has job,has job,has job,has job,has job,has job,has job,has job
2801911001,has job,has job,has job,has job,has job,has job,has job,has job,
2802000041,has job,has job,has job,has job,has job,has job,has job,has job,has job
2802431001,,,,,,,,has job,
2802500051,,,,,,,has job,has job,has job
2802821002,,has job,has job,has job,has job,has job,has job,has job,
2802831001,has job,has job,has job,has job,has job,has job,has job,has job,has job
2802900005,has job,,,has job,,,has job,has job,
2802900041,has job,has job,has job,has job,has job,has job,has job,has job,has job
2802931001,has job,has job,has job,has job,has job,has job,has job,has job,has job
2803000004,,,,,has job,has job,has job,has job,
2803031001,has job,has job,has job,has job,has job,has job,has job,has job,
2811500001,has job,has job,has job,has job,has job,has job,has job,has job,has job
2811900001,has job,has job,has job,has job,has job,has job,has job,has job,has job
2822100003,,,,,,,,,has job
2830231001,has job,has job,has job,has job,has job,has job,has job,has job,has job
2830300051,,,,,,,,has job,has job
2830300061,has job,has job,has job,has job,has job,has job,has job,has job,has job
2830322001,has job,has job,has job,has job,has job,has job,has job,has job,has job
2831400003,has job,has job,has job,has job,has job,has job,has job,has job,has job
2831400004,has job,has job,has job,has job,has job,has job,has job,has job,has job
2831900041,has job,has job,has job,has job,has job,has job,has job,has job,has job
2841000006,has job,has job,has job,has job,has job,has job,has job,has job,has job
2841800001,has job,has job,has job,has job,has job,has job,has job,has job,has job
2842500001,has job,has job,has job,has job,has job,has job,has job,has job,has job
2850531002,,,,,,,has job,has job,has job
2860500071,has job,has job,has job,has job,,,,has job,has job
2861300001,has job,has job,has job,has job,has job,has job,has job,has job,has job
2871131001,has job,has job,has job,has job,has job,has job,has job,has job,has job
2871500001,has job,has job,has job,has job,has job,has job,has job,has job,has job
2871611001,has job,has job,has job,has job,has job,has job,has job,has job,has job
2881300032,,,,,,,,,has job
2882400041,,,,,,has job,has job,has job,has job
2890200001,has job,has job,has job,has job,has job,has job,has job,has job,has job
2890731001,has job,has job,has job,has job,has job,has job,has job,has job,has job
2891231001,has job,has job,has job,has job,has job,has job,has job,has job,has job
2894132011,,has job,has job,has job,has job,has job,has job,has job,has job
2900900001,has job,has job,has job,has job,has job,has job,has job,has job,has job
2901600001,has job,has job,has job,has job,has job,has job,has job,has job,has job
2910700004,has job,has job,has job,has job,has job,has job,has job,has job,has job
2922100031,has job,has job,has job,has job,has job,has job,has job,has job,has job
2930731004,,has job,has job,has job,has job,has job,has job,,
2931100006,has job,has job,has job,has job,has job,has job,has job,has job,has job
2931100031,,,,,,,has job,has job,has job
2931131001,has job,has job,has job,has job,has job,has job,has job,has job,has job
2932800031,has job,has job,has job,has job,has job,has job,has job,has job,has job
2941600001,,,,,,,,has job,has job
2944200001,has job,has job,has job,has job,has job,,,,
2944400002,,,,,,,,has job,has job
2951621001,,,,,,,has job,has job,has job
2954300002,,,has job,has job,has job,has job,has job,has job,has job
2960100005,,,,,,,has job,has job,
2960531003,,has job,has job,has job,has job,has job,has job,has job,has job
2960600006,has job,has job,has job,has job,has job,has job,has job,has job,
2960731001,has job,has job,has job,has job,has job,has job,has job,has job,
2960900091,has job,has job,has job,has job,has job,has job,has job,has job,has job
2961000004,has job,has job,has job,has job,has job,has job,has job,has job,
2961031001,has job,has job,has job,has job,has job,has job,has job,has job,
2961300001,has job,has job,has job,has job,has job,,,has job,
2961700031,has job,has job,has job,has job,has job,has job,has job,has job,
2961700051,,,,has job,has job,has job,has job,has job,
2962000001,has job,has job,has job,has job,has job,has job,has job,has job,
2971031001,has job,has job,has job,has job,has job,has job,has job,has job,has job
2980200051,has job,has job,has job,has job,has job,has job,has job,has job,has job
2990200003,has job,has job,has job,has job,has job,has job,has job,has job,has job
2991500004,,,,,has job,has job,has job,has job,has job
3000400041,has job,has job,has job,has job,has job,has job,has job,has job,has job
3001000011,has job,has job,has job,has job,has job,has job,has job,has job,has job
3001600008,,has job,has job,has job,has job,has job,has job,has job,has job
3001700001,has job,has job,has job,has job,has job,has job,has job,has job,has job
3013000041,has job,has job,has job,has job,has job,has job,has job,has job,has job
3020500005,has job,has job,has job,has job,has job,has job,has job,has job,has job
3022800006,has job,has job,has job,has job,has job,has job,has job,has job,has job
3030900031,has job,has job,has job,has job,has job,has job,has job,has job,has job
3031100005,,,,,,has job,has job,,
30403000012,,has job,has job,has job,has job,has job,has job,,
30411000010,,,,has job,has job,has job,has job,has job,
3041911002,has job,has job,has job,has job,has job,has job,has job,has job,
3050500001,has job,,,,,has job,has job,,
3050500005,,,,,has job,has job,has job,has job,
3051000001,has job,has job,has job,has job,has job,has job,has job,has job,
3051400041,has job,has job,has job,has job,has job,has job,has job,has job,
3060700007,has job,has job,has job,has job,has job,has job,has job,has job,has job
3060731001,has job,has job,has job,has job,has job,has job,has job,has job,has job
3061900051,,,,,,,has job,has job,has job
30711000011,,has job,has job,has job,has job,has job,has job,has job,
3071600051,,has job,has job,has job,has job,has job,has job,,has job
3071700003,,has job,,,has job,has job,has job,has job,has job
3080200001,has job,has job,has job,has job,has job,has job,has job,has job,has job
3080800007,,,,,,,has job,has job,has job
3090400001,has job,has job,has job,has job,has job,has job,has job,has job,has job
3090600055,,,,,,,,,has job
3091400003,,,,,,,,,has job
3091700007,has job,has job,has job,has job,has job,has job,has job,has job,has job
3100400051,,has job,has job,has job,has job,has job,has job,has job,has job
3100500006,has job,has job,has job,has job,has job,has job,has job,has job,has job
3101000001,has job,has job,has job,has job,has job,has job,has job,has job,has job
3101400031,has job,has job,has job,has job,has job,has job,has job,has job,has job
3101400063,,,has job,has job,has job,has job,has job,has job,has job
3101400071,,,,,has job,has job,has job,has job,has job
3101500001,has job,has job,has job,has job,has job,has job,has job,has job,has job
3101500003,,,,,,has job,has job,has job,has job
3101700041,has job,has job,has job,has job,has job,has job,has job,has job,has job
3101700061,,has job,has job,has job,has job,has job,has job,has job,has job
3101800001,has job,has job,has job,has job,has job,has job,has job,has job,has job
3102031001,has job,has job,has job,has job,has job,has job,,has job,
3111100001,has job,has job,has job,has job,has job,has job,has job,has job,
3111900005,,,,has job,has job,has job,has job,has job,
3132700004,has job,has job,has job,has job,has job,has job,has job,has job,has job
3141300007,,,,,,has job,has job,has job,has job
3141800003,has job,has job,has job,has job,has job,has job,has job,has job,has job
3141800041,has job,has job,has job,has job,has job,has job,has job,has job,has job
3141931001,has job,has job,has job,has job,has job,has job,has job,has job,has job
3141931003,,,,,,,,has job,has job
3150100001,has job,has job,has job,has job,has job,has job,has job,has job,has job
3160100011,has job,has job,has job,has job,has job,has job,has job,has job,has job
3170700042,,,,,,,has job,has job,has job
3181200004,has job,has job,has job,,,,has job,has job,has job
31905000011,has job,has job,has job,has job,has job,has job,has job,has job,
3191100001,has job,has job,has job,has job,has job,has job,has job,has job,
3191700031,has job,has job,has job,has job,has job,has job,has job,has job,
3201000002,has job,has job,has job,has job,has job,has job,has job,has job,
3201300001,has job,has job,has job,has job,has job,has job,has job,has job,
3210400005,has job,has job,has job,has job,has job,has job,has job,has job,has job
3210400071,has job,has job,has job,has job,has job,has job,has job,has job,has job
3210500001,has job,has job,has job,has job,has job,has job,has job,has job,has job
3210900001,has job,has job,has job,has job,has job,has job,has job,has job,has job
3210900003,,,,,,,,,has job
3211200008,,,,,,,,,has job
3211200009,,,,,,,,,has job
32117000010,has job,has job,has job,has job,has job,has job,has job,has job,has job
3212911001,has job,has job,has job,has job,has job,has job,has job,has job,has job
